{
    "A": [
        [
            6.5591399144880675,
            3.2102457142453797,
            -4281.059967407056
        ],
        [
            0.8486329632555906,
            25.119535712365494,
            -2456.1135222543317
        ],
        [
            0.0001997414515094033,
            0.010857290973446997,
            1.0
        ]
    ],
    "B": [
        [
            -0.31410812815027356,
            -13.15764047918371,
            12678.730286463924
        ],
        [
            44.269519336171726,
            34.38191095651914,
            -37866.39403685762
        ],
        [
            -2.3339292436002444e-05,
            0.05313765406367141,
            1.0
        ]
    ],
    "D": [
        [
            0.6306764040075685,
            -1.8898840541859452,
            825.8793316792579
        ],
        [
            6.601959052717981,
            10.05451416957305,
            -4393.822692103422
        ],
        [
            -0.00016784947050223063,
            0.004834544362738679,
            1.0
        ]
    ],
    "E": [
        [
            -0.4180222910412522,
            -2.0239496537464943,
            1831.7015028320836
        ],
        [
            7.454173847321839,
            0.8892034792490523,
            -1931.671583719308
        ],
        [
            -1.657889698951112e-05,
            0.006584780907585271,
            1.0
        ]
    ],
    "G": [
        [
            -0.4618946882052999,
            -5.030453058817724,
            2980.1277321301163
        ],
        [
            10.932790016585901,
            6.161275729686122,
            -4261.703464304322
        ],
        [
            -0.00020677838172514684,
            0.011467068093565465,
            1.0
        ]
    ],
    "H": [
        [
            -3.0356390703712366,
            -10.3125610972186,
            6629.620436139691
        ],
        [
            20.325321205124848,
            -8.725015931956035,
            1419.5006033842565
        ],
        [
            0.0031117834974419517,
            0.02089743040090989,
            1.0
        ]
    ],
    "I": [
        [
            -0.5179120835461076,
            -1.3416126845050764,
            1866.486277812466
        ],
        [
            4.538343954992768,
            -0.7986256705909441,
            78.73374039008607
        ],
        [
            0.00031743089451999665,
            0.005448226393621972,
            1.0
        ]
    ]
}